key,goodsID,recTitle,itemType,listType,imgUrl,itemHeight,longImgUrl,longImgUrlWM,viewType,tagList,tagLen,propertyTagList,goodsName,price,priceType,priceInfo,salesTip,needAdLogo,prefixIcons,linkURL,thumbWM,isRepeated,specialText,specName,logData.ad,logData.p_search,creativeInfo.image_url,creativeInfo.image_id,creativeInfo,localGroup.list,specialText.imgText,specialText.textColor,specialText.bgColor
goods_39149049169,39149049169,你可能会喜欢,3,0,https://img.pddpic.com/mms-material-img/2021-04-01/8510c268-af26-496a-8b29-c8a8e775151b.jpeg.a.jpeg,262,,,1,"[{'text': '立减1元', 'textColor': '#E02E24', 'bg_color': 'transparent'}, {'text': '退货包运费', 'textColor': '#9C9C9C', 'bg_color': 'transparent'}, {'text': '极速退款', 'textColor': '#9C9C9C', 'bg_color': 'transparent'}, {'text': '满75返4', 'textColor': '#9C9C9C', 'bg_color': 'transparent'}]",4,[],【新疆｜畅销榜第7名】丝路印象干果新疆果脯新疆杏干杏脯无核果脯杏肉脯办公室休闲零食,1680,2,5.8,已拼3.6万件,False,[],goods.html?goods_id=39149049169&_oc_trace_mark=199&_oc_adinfo=eyJzY2VuZV9pZCI6MH0=&_oc_refer_ad=1&_oak_gallery=https%3A%2F%2Fimg.pddpic.com%2Fmms-material-img%2F2021-04-01%2F8510c268-af26-496a-8b29-c8a8e775151b.jpeg.a.jpeg,,False,,,"{""prvtinfo"":""EcnOCFuAoLMP5WQP9zaPHTZOtID9Z6CpxiD/LKVCldXkFO3MLS8nP19tEcHX4qkF"",""join_id"":""r69ADiAZS_2UCg-Zsbf_FwC1ecK834hc_I6KhWa0h4gmRyDSjuW4bC3mQP_jrQYN"",""ad_logo"":false,""pkinfo"":""XLyZVEUqC61O9Xuk721hIAYij1uYK9zufmNJ5m1_Y9yQKxv_smXkVHI36a4yExZWTR7CYt_0ShBB3jdz8YpZ1Q"",""nbid"":""x3yciraNYh493uSXYdRMOwsyUYZQdOJjyEA8i0U9Ps6b8s6ogSfkFxqY7fk4FAjuMHtszK_IpYM0rbf7AuGP7mFkPG5JDPJkLAGBusvHAbNPb1RNsZxiwO2v45lXIsMhTZNAon120Yej2GvH1Kolqr-igMvN-XVtorYbjbVVrTNzXyecIcyFVCXhIMweM_kp6dc8Zy1IevyyvEyx5-l2bA=="",""pubinfo"":""{\""item\"":\""PrtnKXci_kLz3hEXTqXs5s_mXCiQDntk5UkA1DAVDu8=\"",\""req\"":\""bnU-n1YDJFvwvVq6qxJ8CsdAg2t0Qekym_LehyvxGcbdSw7NEWjl-Y3UJ8eAMxaw\""}"",""openinfo"":""{\""ads_from\"":\""1\"",\""is_tr\"":\""0\""}"",""search_id"":""r69ADiAZS_2UCg-Zsbf_FwC1ecK834hc_I6KhWa0h4gmRyDSjuW4bC3mQP_jrQYN""}","{""gin_cat_id_1"":6398,""pas_cat_id"":6454,""gin_cat_id_3"":6454,""gin_cat_id_2"":6420,""list_id"":""TwDZn2wMWA"",""RStyle"":0,""is_sink"":false,""price"":1680,""tag_list"":[""4&5"",""1&3"",""1&24"",""4&1""],""group_one_ad"":1,""mall_id"":605582271,""cat_id"":6454,""ad_group"":1,""tag1_id"":1929368855,""price_info"":""5.8"",""refresh_type"":0,""org"":1,""is_long_img"":0,""env"":""shp1"",""ad_create_time"":1638620365,""ad_head_mall"":0,""search_data"":""8YyeSJPEy5QNrA0CUAeTiDRHNoqTW0g0PKbPVU71p/fsDgUa7B+3rEoON9OwDgKO5oS9PjPTHV7Ib9m4Apfm4cRnUzGXzQYrwYh6pq7dSDWAWiIcDxl+lL0Vtqhn5l9HenSoBIDOwwETkMv6+A40DRh8imlrDm+OD2ZGIGVePl6eRzFf0iOAjGrDUuXegazYdlZCZ/ekfciB39iM8Sz1zcJHffswJkVR7AgSO+7QQBssJmd8yjJ1GHU60E5q5KHfumjGkUGxJmu5cTB4mKr9/cSjInPYMszCfnUC2pR6oOuaDAjQ7KtVb/gldmPiees1GC9/R3tDmXHC5nc69HljtSowiI34qLzT+OpVy0YR+agsCS6BQWCdYiSC1sa6H3wKCjg9NaNLKhxNKDRWB6F5aIQDYKNIk+pjXkWs8xiwthFNbqKq0bllx+H33WHgRv3N2afPMeCfmx5O7oVGr1/Mru/OWknM+8pJ+FXFtBlLXHgql7NmBvRYGSj+Imv5WpMhbZD444lTa1WlaEte9yN8vTGpWUD++FQJAE0aStY9uqQZU1iL5jC51T1tMBqQcM8UhwP/KcuhNvJefJj3wi37kvfuLlxTo6Pi1WvWtPx4vPlXyU0U8wpYnJ6kjigV2dyc1CUXgbDGUqZUvNkzP/PLts9bJOY+uHLW2Hbvd01qcnVw8L6+kqAMsKnJlHdEvkoMp7HUMGWt0SbTA2HMjfW+kJtpvdAGKHHmDHuvhvf+szjKyJb0hedHnJvfs0loXN5KoccEjD4XV5ZsJcmq0KZVA8VEcYymWM4DC2mCFIWDThogZpzXSExSW9Wo2X1Y5rDLeU0Gn3MQT4cWp6j8YF9wB8n93S7FZOIlKzHiojBofmOrRuvuFEXe82DpiZCnRcLIhWri3s2u+ITdkYIUEe5HGF5sMpbqciN2QAbJmpBjCib/iBtDRHx/KwUCodZittBSdC2549CsTR3j0P9vkVb+Xa8pKAJ3yZGgOIs2ywnfRSv1xRq8ZLsweu1Y0OK+kcUXfL/edurpwRBKO0V+OrELEU6nmAa1zNpKjFZKOJKbXY5l82YJRghizNHOPi7ZOerfhx7tXftb4wC72zKRFLaF+1Tnf6uj2UMmBC1IQ1zQbXJIKtfIwhEC/Suk0EzFo+8xGCPw2qfhGIS6xxIopxhLLoEVm8p+Jb1xkW3yqcO2TFe8GejRfCi9q4gUd6DDgbpjMM4Mxm8cBkzSW2+GFiNLJyCZJ6ry5Vj2nFbGkotfDkm+vNCFD4iwI1NZL2Vc2vYH42F3Rozi5szQ0FunT0otog=="",""ad_first"":0,""b_mall"":false,""price_type"":2,""is_qc"":false,""page"":1,""rn"":""69c0ab8c-1fbe-43d5-8c4f-5df6f9482632"",""request_id"":""69c0ab8c-1fbe-43d5-8c4f-5df6f9482632""}",https://img.pddpic.com/mms-material-img/2021-04-01/8510c268-af26-496a-8b29-c8a8e775151b.jpeg.a.jpeg,196798983589.0,,,,,
goods_48828405,48828405,你可能会喜欢,3,0,https://img.pddpic.com/mms-material-img/2021-10-29/f570a605-4d8b-48fc-88d8-95cca4067792.jpeg.a.jpeg,241,,,1,[],0,[],【草帽哥-黑杏果干】晾晒土耳其黑杏干 清甜无核黑杏肉水果干108g,980,2,4.8,已拼10万+件,,[{'url': 'https://t16img.yangkeduo.com/mms_static/2019-12-04/7cd72b60-b17f-4862-b50e-76b0fbe81895.gif'}],goods.html?goods_id=48828405,,False,,,,"{""gin_cat_id_1"":6398,""price_info"":""4.8"",""refresh_type"":0,""pas_cat_id"":6454,""gin_cat_id_3"":6454,""gin_cat_id_2"":6420,""list_id"":""TwDZn2wMWA"",""org"":1,""is_long_img"":0,""RStyle"":0,""env"":""shp1"",""is_sink"":false,""search_data"":""OwDUcUn1t/hmK8pCpYjeQ+GgJxJMKo+pYM6lGJio0LKgdOClS68p/AWuSrUHHV/D3wsrxX815njd7Q185QRcxc0nHOp+TfxY9Iy+j3wgGnBLNxKAb1CCvoouyODgoSSVJNJGc0DlOUfbyfvlnqAU69uEuNgZFk2KhTm4f+Bo1yutKDZslZf95vTBqVMmXujyvRc7nDV0LvZhlwfg3VnSPSUJnghNbZBiYrQWgPb0XLVx+dbScjGTSYHMSymxszTjJ+XsLixhC8LY52KB64LQlsH86rs0Nvhm55ZsXN6O11SK5EMZ/v+R7Lk15OF6sJVWpKYU3VZ7Uwl6aeGeXoaPdhCrpaqGU/kFvv/YrnX37reH6tGVK4rsXo5GoHq7Zb3mnCh0jWUKBqGyh+5mu2UbWBnDp47osSLL2P1ixRi1cga0MMOOzqaqXw9bNs2Z9xPPEg3fB8HLRfr+BZgC2WYbHMskkLHgaNefFHpJIxTVIDvZ9jVKdJBoVqB2oRPzvz+tumduXJTlXJID6Vbf4MmVZzaCFZi49+7fYSV7a33gX2FLO/fXCDRUusUR2g6efQG+1Q7IwivLX4qVyClTVPNRm6nrYgrmLZKlUYa+1H2W2IjwDkCdHvK/3fIcF20lMFXevcOpYzuRPKuALmNZsEJqWkpehXsxzeFaZdjfBCo4kqgFMTq/ozMlU4t9f/9gHIpbEPRGsMg/0EhCjDOv29fZLdzA3vPxG0aotjYFHqE/fQBjflak2kfPPcWbME9WseFO"",""price"":980,""mall_id"":378058,""cat_id"":6454,""icon_list"":[10015],""b_mall"":false,""price_type"":2,""is_qc"":false,""page"":1,""rn"":""69c0ab8c-1fbe-43d5-8c4f-5df6f9482632"",""request_id"":""69c0ab8c-1fbe-43d5-8c4f-5df6f9482632""}",,,,"[{'avatar': 'https://avatar2.pddpic.com/a/Q0lIQWNCZ1RDSlNEVkZMTko5bU01cnFGZHR2eEJ3QzQ4UT09djA0-1636000785?imageMogr2/thumbnail/100x'}, {'avatar': 'https://avatar2.pddpic.com/a/Q0xucGxOWklDMkdVVUsydnZVL3JQc2h3RGFjNTN2M0UxZz09djA0-1636545361?imageMogr2/thumbnail/100x'}]",,,
goods_203957520397,203957520397,你可能会喜欢,3,0,https://img.pddpic.com/mms-material-img/2020-11-27/9416efc5-b084-4cd2-adaa-814e7cf77489.jpeg.a.jpeg,262,,,1,"[{'text': '旗舰店', 'textColor': '#E02E24', 'bg_color': 'transparent'}, {'text': '当日发货', 'textColor': '#9C9C9C', 'bg_color': 'transparent'}, {'text': '退货包运费', 'textColor': '#9C9C9C', 'bg_color': 'transparent'}]",3,[],无核杏干500g新疆特级偏酸红杏果脯杏子吊干天然杏脯散装零食250g,1380,2,3.8,已拼4.7万件,,[],goods.html?goods_id=203957520397,,False,,,,"{""gin_cat_id_1"":6398,""price_info"":""3.8"",""refresh_type"":0,""pas_cat_id"":6454,""gin_cat_id_3"":6454,""gin_cat_id_2"":6420,""list_id"":""TwDZn2wMWA"",""org"":1,""is_long_img"":0,""RStyle"":0,""env"":""shp1"",""is_sink"":false,""search_data"":""RUF01zByPvdRWkObkYkKISOTsn5pX2irSUO8IzCvINYWFjbCVhWaTQ1shhndW4omYHhyzwX+p1HnuzHQ4yBShUbcwwexXgpCjghD9i/aRWA5q5niVIXK00AfkAyuxgN1GcvxhqBc4Nfbt+tUudhtUc/rL6c37gcXheTKojEo3feEZlf1KSXP7veNLRgDRSkJyUneLgyJvgO+ANxgc+bLscXqlOhh1rLcZ62XunKWV2m6KCPoA6uvkZxD94Fte7PgkcNJGhXpkjRevamJeWJsMRWcOt9rXfYXioI2C9mxUkOatlWkl8BkuI27Apcl062CZkaPb7s6WrldvVQ1wHIYUiS7kiIb598QY1vnQjnVXZfjDLlKE/kPaEb3L5HqEBvLIObkQ76iDn2Pe1q8ZTyl3Qv6FM32vychqiwrvHmiVM7HMM6gHSKZExqOBMf60o/FZefNpFVb06vEpdIS4haSjNg4rUUb/J7o+hwrz1XRkk8IdRrTmYV88pHcj4CiRrNHoEKwvonvHxpqNnTUlph+J+2IIznetuWIn7CrOntM9ejNMgJ9GEo1LLfRUyui+JcK8nYqlvJWFLpl2WJuAcVcSrDL7MuKTosUSh8biXmhisFl5f1ECQNppH+b3o6FpYra2LiHGSGFEjbWmhFiv0ulbs9jg52oPA3wBq0VdBVnxiUqFMNguTF3yWjNGYxm8vP7JZumBHCrHvcl9zGPVnLihtWkbJ4BrlkwP/ceXrzYtV0="",""price"":1380,""tag_list"":[""2&10022"",""1&27"",""1&3""],""mall_id"":244181844,""cat_id"":6454,""b_mall"":true,""price_type"":2,""is_qc"":false,""page"":1,""rn"":""69c0ab8c-1fbe-43d5-8c4f-5df6f9482632"",""request_id"":""69c0ab8c-1fbe-43d5-8c4f-5df6f9482632""}",,,,"[{'avatar': 'https://avatar2.pddpic.com/a/Q0Q0WnA0U2Y0NGhXMWRXdHkrc0dtRWpPVmZvU0NYZ0hnUT09djA0-1589403434?imageMogr2/thumbnail/100x'}, {'avatar': 'https://avatar2.pddpic.com/a/Q0tQeGRjTUdBUVN4ckR5YmtCWE43M0d1bzBkMzVKRHFldz09djA0-1608707481?imageMogr2/thumbnail/100x'}]",,,
goods_117799209200,117799209200,你可能会喜欢,3,0,https://t00img.yangkeduo.com/goods/images/2020-05-08/6d53dc94fd502a44d4f396c3734e86a7.jpeg,262,,,1,"[{'text': '小编推荐', 'textColor': '#E02E24', 'bg_color': 'transparent', 'url': 'https://funimg.pddpic.com/hot_friends/2020-10-27/78c3afa5-2332-4143-bd03-692db0585115.png.slim.png', 'height': 12, 'width': 12}, {'text': '立减3元', 'textColor': '#E02E24', 'bg_color': 'transparent'}, {'text': '24小时发货', 'textColor': '#9C9C9C', 'bg_color': 'transparent'}, {'text': '退货包运费', 'textColor': '#9C9C9C', 'bg_color': 'transparent'}]",4,[],新疆吊干杏四团树上吊死干杏干特级无添加农家天然杏子原味非肉脯,2080,2,2,已拼4.2万件,,[],goods.html?goods_id=117799209200,,False,,,,"{""gin_cat_id_1"":6398,""price_info"":""2"",""refresh_type"":0,""pas_cat_id"":6454,""gin_cat_id_3"":6454,""gin_cat_id_2"":6420,""list_id"":""TwDZn2wMWA"",""org"":1,""is_long_img"":0,""RStyle"":0,""env"":""shp1"",""is_sink"":false,""search_data"":""0zoZOa72hAeiDYQ4M9AO0F9lxrCw5tZYUXkTbqJUnj8WFjbCVhWaTQ1shhndW4omYHhyzwX+p1HnuzHQ4yBShUbcwwexXgpCjghD9i/aRWA5q5niVIXK00AfkAyuxgN1GcvxhqBc4Nfbt+tUudhtUc/rL6c37gcXheTKojEo3feEZlf1KSXP7veNLRgDRSkJyUneLgyJvgO+ANxgc+bLscXqlOhh1rLcZ62XunKWV2m6KCPoA6uvkZxD94Fte7PgkcNJGhXpkjRevamJeWJsMRWcOt9rXfYXioI2C9mxUkOatlWkl8BkuI27Apcl062CZkaPb7s6WrldvVQ1wHIYUiS7kiIb598QY1vnQjnVXZfjDLlKE/kPaEb3L5HqEBvLIObkQ76iDn2Pe1q8ZTyl3Qv6FM32vychqiwrvHmiVM7HMM6gHSKZExqOBMf60o/FZefNpFVb06vEpdIS4haSjNg4rUUb/J7o+hwrz1XRkk8IdRrTmYV88pHcj4CiRrNHoEKwvonvHxpqNnTUlph+J+2IIznetuWIn7CrOntM9eiZZxwOqwYVwVY2nheEBobyVVxKWwIeYZe8254rSR1eta1e+IKhFkkwjTyU04pxtDH4jc8rtlQ4Ih8Cyjs1uDXFc5u6ACyUblGp+vsaBN61MIZIuiYlE45txNyAn/VDv7LXTexrjqt+FzpwgzSeM9qzBefkWmUcxdFh3SGfYER5WMWkTJh9G55PwFhBxjc3gGA="",""price"":2080,""tag_list"":[""2&10008"",""4&7"",""1&12"",""1&3""],""mall_id"":595894627,""cat_id"":6454,""b_mall"":false,""price_type"":2,""is_qc"":false,""page"":1,""rn"":""69c0ab8c-1fbe-43d5-8c4f-5df6f9482632"",""request_id"":""69c0ab8c-1fbe-43d5-8c4f-5df6f9482632""}",,,,,,,
goods_290414489308,290414489308,你可能会喜欢,3,0,https://commimg.pddpic.com/ad-promotion/2021-11-09/26bc1a45-11ad-4eba-abb2-75542575c35f.jpeg,262,,,1,"[{'text': '立减9元', 'textColor': '#E02E24', 'bg_color': 'transparent'}, {'text': '坏了包赔', 'textColor': '#9C9C9C', 'bg_color': 'transparent'}, {'text': '极速退款', 'textColor': '#9C9C9C', 'bg_color': 'transparent'}]",3,[],【本店第1名热销｜3种品类4种重量】【超甜】正宗赣南脐橙江西橙子新鲜现摘应季薄皮手剥甜橙整箱批发,1290,2,0.9,已拼10万+件,False,[{'url': 'https://t16img.yangkeduo.com/mms_static/2019-12-04/7cd72b60-b17f-4862-b50e-76b0fbe81895.gif'}],goods.html?goods_id=290414489308&_oc_trace_mark=199&_oc_adinfo=eyJzY2VuZV9pZCI6MH0=&_oc_refer_ad=1&_oak_gallery=https%3A%2F%2Fcommimg.pddpic.com%2Fad-promotion%2F2021-11-09%2F26bc1a45-11ad-4eba-abb2-75542575c35f.jpeg,,False,,,"{""prvtinfo"":""EcnOCFuAoLMP5WQP9zaPHTZOtID9Z6CpxiD/LKVCldXkFO3MLS8nP19tEcHX4qkF"",""join_id"":""r69ADiAZS_2UCg-Zsbf_FwC1ecK834hc_I6KhWa0h4gmRyDSjuW4bC3mQP_jrQYN"",""ad_logo"":false,""pkinfo"":""cRxtTiBN9XMbohCesiYqZ092C15bbfnRkT1zUj5Zxoyv8zlQza4fosZsJ_urTCXZdLCVWfGRIGP11cK8GSE_nw"",""nbid"":""uTGUVQQPLFhA3qNJAsoxvdA4Z3RX6mc9tK5Av6gbZ7m7hO5834BfU-9o1E70WuXGOvN306HVSG3qlovsR7kHfgtM96hxbko9jt_dyQKAjotw1HfHHEGy5qQs9wfuJXPZ2ajsEIed9s3ic0iWvcYXSaFPrP-fUMRiGBez06Welpxf8u5tfw4zzbJ_FbnUAUd2tLamhEImIVqhqZ2mPuhTdg=="",""pubinfo"":""{\""item\"":\""4Ow-eJdcHd1pabHdG1TpZu3aluW055mRu-Vkgd_TCiw=\"",\""req\"":\""bnU-n1YDJFvwvVq6qxJ8CsdAg2t0Qekym_LehyvxGcbdSw7NEWjl-Y3UJ8eAMxaw\""}"",""openinfo"":""{\""ads_from\"":\""1\"",\""is_tr\"":\""0\""}"",""search_id"":""r69ADiAZS_2UCg-Zsbf_FwC1ecK834hc_I6KhWa0h4gmRyDSjuW4bC3mQP_jrQYN""}","{""gin_cat_id_1"":8172,""pas_cat_id"":6454,""gin_cat_id_3"":8250,""gin_cat_id_2"":8182,""list_id"":""TwDZn2wMWA"",""RStyle"":0,""special_text"":""新疆不可配送"",""is_sink"":false,""price"":1290,""tag_list"":[""4&0"",""1&9"",""1&24""],""group_one_ad"":1,""mall_id"":812952808,""cat_id"":6454,""ad_group"":1,""tag1_id"":1653683931,""price_info"":""0.9"",""refresh_type"":0,""org"":1,""is_long_img"":0,""env"":""shp1"",""ad_create_time"":1636456900,""ad_head_mall"":0,""search_data"":""8YyeSJPEy5QNrA0CUAeTiDRHNoqTW0g0PKbPVU71p/c6AqaLED0VEDvrQJoi9zv8CdCwYojrumAAx6Z4zlQpt75WwvaR3qngoLD3C3h+rKz+IwwDRMylAvLUR2N1NXafE5oAOjIBaNHRU0q/fxR5qA+RGLzuZEC2pPkj7wseLsHCVUYY9OYeKKrUxvpUxHuSdJifPuRHpc2iUzzs8jqp9t8p26AS04XhGdZOBfLSK9bZXTvv0o1Onu5D42hosPz7v7TuZ+0bk7+WrGWyrzDJFu45XA2KfaDHO3FRGeQccusqy40z6aOSVphmt3286uNwyr+PIHU2XPaemi9E4D5mRGXmdnAD+X6dIR0mKN6Ez+SLH1VPobEpweJovdkMWttNNApcDC10Z4qtTK/aUJ/Kf2Z/XMNVifrOlOOyYYq/Bq5TGXj6CSxVzIMV+Lng8kb/NcOppTB7a3cT3ajYzfqLyqvTP1FE/P+zkYOxYWmoZqd4rYKidjNBH/OQyeezxRwNbMSzSju06HlVxrhKIymloyl8mJiiD98OCyfKVq6F+ZAe/e6/XBWOZTYLhrBZ2A2uzBHWX8o9KGf2UW/KOBZhtSpwgELlxFn+H21vJGny1itENSyiBa/QGwydMV8be7BVZvu6jPj4w1ZQhji0XCiIWfkbFC2US1b+hwkJl0/xeeKrlBxMhHLIyYBZLcY7eGXTZHpBu8xwOeEPoOUywtK64x+7PYvB532/yBcsU8w+VxrpGEoJaPzm1JE73Q9xUROmtgN2WgsuOY7pDx9cGksSIdfJFz8bOuvvZ383rTridTf9NfkYE6jkZDYnXf+5bHMgyG2bcK9EkEr8prMKN6e/3a7FRaPmMRdFiYu5N5WSlj42t+rFLAGzMgv2u99jgLZhrHT35v6GFq5KDqrUw3mG3rGDxOjMXxu3M2I+qDRlv7TwSFYIC7BYrVeh0BRCc7wQM6/Tqoim3wVTpwCRLpukwGHVX1KkMuVl8s49ria+eEpBvX1ZhUCPsjcSQczj+5I4BByasL2wiIN6NVHsy5WrbSegN9f2B59/yykKH39p1pe0AZ8zkiSoYO34PNmNcHbvtNZC47D2bnGP2gbvHcu1b8S769Nk7k+daWmmep4+US+GLn93aT9XA91dHqJxffr96PsOq89T6DTIkv6G3GS7SE8j+Y0UA0IhqRacd3pCRwPiXtSkpaNB++/+BHKtzP8meECD3UB4TYFExPxfvkQqUyapWFoyE6/0zJoCENreyqubpwUzcj3t1xukfkzAOL5mCj99towrWRLLTv2jTbDyM8AT5NLKw9nY9v6Y6i64iGpKIBYq38ApxT2go7d9xCjEVGDXBVHB55zWSSOq3jyEzQ=="",""icon_list"":[10015],""b_mall"":false,""price_type"":2,""is_qc"":false,""page"":1,""rn"":""69c0ab8c-1fbe-43d5-8c4f-5df6f9482632"",""request_id"":""69c0ab8c-1fbe-43d5-8c4f-5df6f9482632""}",,,,[{'avatar': 'https://avatar2.pddpic.com/avatar/default/1.png'}],新疆不可配送,"rgba(255, 255, 255, 1.000)","rgba(0, 0, 0, 0.502)"
goods_94035752932,94035752932,你可能会喜欢,3,0,https://img.pddpic.com/open-gw/2021-10-16/3980c34c691f26434ef7d8bde0bfe136.jpg,262,,,1,"[{'text': '旗舰店', 'textColor': '#E02E24', 'bg_color': 'transparent'}, {'text': '退货包运费', 'textColor': '#9C9C9C', 'bg_color': 'transparent'}, {'text': '极速退款', 'textColor': '#9C9C9C', 'bg_color': 'transparent'}]",3,[],腾飞荣达新疆杏肉250g甘草杏无核大杏干酸甜杏零食小袋装蜜饯果干,1550,2,5.5,已拼4196件,,[],goods.html?goods_id=94035752932,,False,,,,"{""gin_cat_id_1"":6398,""price_info"":""5.5"",""refresh_type"":0,""pas_cat_id"":6454,""gin_cat_id_3"":6454,""gin_cat_id_2"":6420,""list_id"":""TwDZn2wMWA"",""org"":1,""is_long_img"":0,""RStyle"":0,""env"":""shp1"",""is_sink"":false,""search_data"":""Q9OSltbOGEVU9xX7RlGr4ZH2VfKX/t/jXsZHgj8cIQIWFjbCVhWaTQ1shhndW4omYHhyzwX+p1HnuzHQ4yBShUbcwwexXgpCjghD9i/aRWA5q5niVIXK00AfkAyuxgN1GcvxhqBc4Nfbt+tUudhtUc/rL6c37gcXheTKojEo3feEZlf1KSXP7veNLRgDRSkJyUneLgyJvgO+ANxgc+bLscXqlOhh1rLcZ62XunKWV2m6KCPoA6uvkZxD94Fte7PgkcNJGhXpkjRevamJeWJsMRWcOt9rXfYXioI2C9mxUkOatlWkl8BkuI27Apcl062CZkaPb7s6WrldvVQ1wHIYUiS7kiIb598QY1vnQjnVXZfjDLlKE/kPaEb3L5HqEBvLIObkQ76iDn2Pe1q8ZTyl3Qv6FM32vychqiwrvHmiVM7HMM6gHSKZExqOBMf60o/FZefNpFVb06vEpdIS4haSjNg4rUUb/J7o+hwrz1XRkk8IdRrTmYV88pHcj4CiRrNHoEKwvonvHxpqNnTUlph+J+2IIznetuWIn7CrOntM9eiaMzF3MxMJWHSqrrt5kB9j8nYqlvJWFLpl2WJuAcVcSk7SeedJECPaFHxIVEyMEOr4jc8rtlQ4Ih8Cyjs1uDXFc5u6ACyUblGp+vsaBN61MIZIuiYlE45txNyAn/VDv7KAFiUWu3khRygWCqmiEFIeKTRMbfJmxqqzLFVuCbDWpoYI9q5rhGUiJA+rbv7YV+c="",""price"":1550,""tag_list"":[""2&10022"",""1&3"",""1&24""],""mall_id"":226206357,""cat_id"":6454,""b_mall"":true,""price_type"":2,""is_qc"":false,""page"":1,""rn"":""69c0ab8c-1fbe-43d5-8c4f-5df6f9482632"",""request_id"":""69c0ab8c-1fbe-43d5-8c4f-5df6f9482632""}",,,,,,,
goods_254079879070,254079879070,你可能会喜欢,3,0,https://img.pddpic.com/open-gw/2021-06-19/49dcfdc58a485d634b1e55598dced971.jpg,262,,,1,"[{'text': '旗舰店', 'textColor': '#E02E24', 'bg_color': 'transparent'}, {'text': '退货包运费', 'textColor': '#9C9C9C', 'bg_color': 'transparent'}, {'text': '极速退款', 'textColor': '#9C9C9C', 'bg_color': 'transparent'}]",3,[],浩辰新疆吊干杏休闲果脯零食蜜饯一杏两吃带核红杏干散装称重250g,1180,2,1.8,已拼168件,,[],goods.html?goods_id=254079879070,,False,,,,"{""gin_cat_id_1"":6398,""price_info"":""1.8"",""refresh_type"":0,""pas_cat_id"":6454,""gin_cat_id_3"":6454,""gin_cat_id_2"":6420,""list_id"":""TwDZn2wMWA"",""org"":1,""is_long_img"":0,""RStyle"":0,""env"":""shp1"",""is_sink"":false,""search_data"":""Q9OSltbOGEVU9xX7RlGr4ZH2VfKX/t/jXsZHgj8cIQIWFjbCVhWaTQ1shhndW4omYHhyzwX+p1HnuzHQ4yBShUbcwwexXgpCjghD9i/aRWA5q5niVIXK00AfkAyuxgN1GcvxhqBc4Nfbt+tUudhtUc/rL6c37gcXheTKojEo3feEZlf1KSXP7veNLRgDRSkJyUneLgyJvgO+ANxgc+bLscXqlOhh1rLcZ62XunKWV2m6KCPoA6uvkZxD94Fte7PgkcNJGhXpkjRevamJeWJsMRWcOt9rXfYXioI2C9mxUkOatlWkl8BkuI27Apcl062CZkaPb7s6WrldvVQ1wHIYUiS7kiIb598QY1vnQjnVXZfjDLlKE/kPaEb3L5HqEBvLIObkQ76iDn2Pe1q8ZTyl3Qv6FM32vychqiwrvHmiVM7HMM6gHSKZExqOBMf60o/FZefNpFVb06vEpdIS4haSjNg4rUUb/J7o+hwrz1XRkk8IdRrTmYV88pHcj4CiRrNHoEKwvonvHxpqNnTUlph+J+2IIznetuWIn7CrOntM9eiF7KKkqMu1ifWlPKMcN6Qd8nYqlvJWFLpl2WJuAcVcSgO6kFN9kfEgfmyp3s354tLwDkCdHvK/3fIcF20lMFXevcOpYzuRPKuALmNZsEJqWlAyIx3S5i8yJIUjj1++TKv0/2WnwZ/yIhSALNY4bcbbznzcah/h69OJ/KG2B8e1Uj7dI3J2qx45cvfvNsUSpIU="",""price"":1180,""tag_list"":[""2&10022"",""1&3"",""1&24""],""mall_id"":226206357,""cat_id"":6454,""b_mall"":true,""price_type"":2,""is_qc"":false,""page"":1,""rn"":""69c0ab8c-1fbe-43d5-8c4f-5df6f9482632"",""request_id"":""69c0ab8c-1fbe-43d5-8c4f-5df6f9482632""}",,,,,,,
goods_283328150893,283328150893,你可能会喜欢,3,0,https://img.pddpic.com/mms-material-img/2021-08-24/ef20da80-5fb9-4a69-a50d-44c0a89c651c.jpeg.a.jpeg,262,,,1,"[{'text': '旗舰店', 'textColor': '#E02E24', 'bg_color': 'transparent'}, {'text': '立减2元', 'textColor': '#E02E24', 'bg_color': 'transparent'}, {'text': '退货包运费', 'textColor': '#9C9C9C', 'bg_color': 'transparent'}]",3,[],纯天然土耳其进口无核黑杏干无添加杏肉脯抖音同款蜜饯水果干杏肉,1690,2,4.9,已拼10万+件,,[],goods.html?goods_id=283328150893,,False,,,,"{""gin_cat_id_1"":6398,""price_info"":""4.9"",""refresh_type"":0,""pas_cat_id"":6454,""gin_cat_id_3"":6454,""gin_cat_id_2"":6420,""list_id"":""TwDZn2wMWA"",""org"":1,""is_long_img"":0,""RStyle"":0,""env"":""shp1"",""is_sink"":false,""search_data"":""BgBQefpyg7D7nXbrG8wjBSuJtTcd/ym2Q4MDRcIxafMWFjbCVhWaTQ1shhndW4omYHhyzwX+p1HnuzHQ4yBShUbcwwexXgpCjghD9i/aRWA5q5niVIXK00AfkAyuxgN1GcvxhqBc4Nfbt+tUudhtUc/rL6c37gcXheTKojEo3feEZlf1KSXP7veNLRgDRSkJyUneLgyJvgO+ANxgc+bLscXqlOhh1rLcZ62XunKWV2m6KCPoA6uvkZxD94Fte7PgkcNJGhXpkjRevamJeWJsMRWcOt9rXfYXioI2C9mxUkOatlWkl8BkuI27Apcl062CZkaPb7s6WrldvVQ1wHIYUiS7kiIb598QY1vnQjnVXZfjDLlKE/kPaEb3L5HqEBvLIObkQ76iDn2Pe1q8ZTyl3Qv6FM32vychqiwrvHmiVM7HMM6gHSKZExqOBMf60o/FZefNpFVb06vEpdIS4haSjNg4rUUb/J7o+hwrz1XRkk8IdRrTmYV88pHcj4CiRrNHoEKwvonvHxpqNnTUlph+J+2IIznetuWIn7CrOntM9ejnJlwuT30tjxol2Y/cTKG88nYqlvJWFLpl2WJuAcVcSjmfZPuitlr3xoyyNDuOo3ll5f1ECQNppH+b3o6FpYra2LiHGSGFEjbWmhFiv0ulbpt6pWjAdbKxxyhUrVmUb/EqFMNguTF3yWjNGYxm8vP7JZumBHCrHvcl9zGPVnLihtWkbJ4BrlkwP/ceXrzYtV0="",""price"":1690,""tag_list"":[""2&10022"",""4&5"",""1&3""],""mall_id"":984333695,""cat_id"":6454,""b_mall"":true,""price_type"":2,""is_qc"":false,""page"":1,""rn"":""69c0ab8c-1fbe-43d5-8c4f-5df6f9482632"",""request_id"":""69c0ab8c-1fbe-43d5-8c4f-5df6f9482632""}",,,,,,,
goods_41714155689,41714155689,你可能会喜欢,3,0,https://img.pddpic.com/mms-material-img/2021-07-11/05ba98dd-2e68-4e8d-8768-70060d9dd663.jpeg.a.jpeg,262,,,1,"[{'text': '坏了包赔', 'textColor': '#9C9C9C', 'bg_color': 'transparent'}]",1,[],【本店销量第一名｜12种尺寸】【顺丰】鞍山南果梨新鲜水果梨梨子东北特产香梨香水梨南国梨批发,1170,2,1.7,已拼10万+件,False,[],goods.html?goods_id=41714155689&_oc_trace_mark=199&_oc_adinfo=eyJzY2VuZV9pZCI6MH0=&_oc_refer_ad=1&_oak_gallery=https%3A%2F%2Fimg.pddpic.com%2Fmms-material-img%2F2021-07-11%2F05ba98dd-2e68-4e8d-8768-70060d9dd663.jpeg.a.jpeg,,False,,,"{""prvtinfo"":""EcnOCFuAoLMP5WQP9zaPHTZOtID9Z6CpxiD/LKVCldXkFO3MLS8nP19tEcHX4qkF"",""join_id"":""r69ADiAZS_2UCg-Zsbf_FwC1ecK834hc_I6KhWa0h4gmRyDSjuW4bC3mQP_jrQYN"",""ad_logo"":false,""pkinfo"":""mfdthQFBJ5-IVrjJUIfnh38APxsWBre9-jZDiisQ_suvgDY4C-nfHnNXpbTwdgMyFMX-TPjGnL62WYrt8nw7kg"",""nbid"":""VC0ROsH9-MqJArN92FIiFK4J9EQenxfioaVtKFfb8BzJ8C3VbWj-X2Mx7HIIpH9Cb9suVwWVG3_lmsJ9tO4d4LRBy0Fq_2gI0PIoy17h7qq9sp5fcdXeC7W-V2awor8WDgaszuGU6-SGTLXQp10IgVrwFhiN304iTX97ujPDrV1TqxNkYhwDlh5jWMu7cSOmhCF0EJMIIsSyUC7yiKVHbw=="",""pubinfo"":""{\""item\"":\""noCHBkGDBeA-tPywPdmCqcNfSX6CqnPpTnBBeP3uhD8=\"",\""req\"":\""bnU-n1YDJFvwvVq6qxJ8CsdAg2t0Qekym_LehyvxGcbdSw7NEWjl-Y3UJ8eAMxaw\""}"",""openinfo"":""{\""ads_from\"":\""1\"",\""is_tr\"":\""0\""}"",""search_id"":""r69ADiAZS_2UCg-Zsbf_FwC1ecK834hc_I6KhWa0h4gmRyDSjuW4bC3mQP_jrQYN""}","{""gin_cat_id_1"":8172,""pas_cat_id"":6454,""gin_cat_id_3"":8257,""gin_cat_id_2"":8182,""list_id"":""TwDZn2wMWA"",""RStyle"":0,""special_text"":""新疆不可配送"",""is_sink"":false,""price"":1170,""tag_list"":[""1&9""],""group_one_ad"":1,""mall_id"":1138310,""cat_id"":6454,""ad_group"":1,""tag1_id"":223565806,""price_info"":""1.7"",""refresh_type"":0,""org"":1,""is_long_img"":0,""env"":""shp1"",""ad_create_time"":1596810863,""ad_head_mall"":0,""search_data"":""8YyeSJPEy5QNrA0CUAeTiDRHNoqTW0g0PKbPVU71p/cmYcw5Hz5rLcrw6QFpy9n9xUWrlX9zPGGxpCSGnSlAaG4smSF/budZ3p25nrL2DJdV6nT0DWwIH928td9Awr6YgYkgUjx424Ha7MaOTGvLL1I25P5eQmGo/WHs6gdnpow68nzshwATMQncWxw2fSl3rTuAlIw3qvHnMWeAurnUwSJa6L5ji39XgVTzQnH7pcXg9RuvH35YfEd5wgkGbGoA4r0/H5SymLWRcQyRx75uqAKqAkJaGJJb5W7j3Va9aFudLIJVy2SFetAGAt6Tuok1n1Vp+P/5WQ5PUkwfNh9U0+GG0u2u2NPbPsjz0AzdPHHjEbA3PN7GtH7NzKW56R6mm8ET78S6FYVJZpZJkeVGti8l5pnwEUsrHS3eE2xcAmogb4t8zOdn5lwG8Yn9e87S+XwDcI4WoRCW2eSGu1kA17ZubLACNbMn7Bbk7NzzK2Hnt5Hxv4JLQLaUp3nn6Z3Oko/hvJIcowgXSd+RVjTyr6V993Od2pM/AQZutZJqiPUtfOSSUtXagZGe4SUzZezMyafLiVrgx3e70v+itl9OBQ4aMo5OAFRkR67UTaDwGAdn9aVTb/7BVG5DBZbEWdMxKlR3kba8tzjb6nIHWknbM9uR4l8aaTf6cMMmC95CvTRiHPmytRHFnDhy5E20g5ckjUkgtlXkgR9OezSfCC+GFqU6HtFAKiCekd761fHywd3GqMu+US9JIUzwlj9+5sIVGaHFARRqjHO5ZPrkW9aeQiaLJAwqE4cfhdWfSC3LAmN90EHitIy71rXieNmVGNhRJzokx0Wl1u/7DMM8AtCiqJn4Szzt6ACjfHq9QIE2/XrDs5ahrX67qlRXvyA8s0QGyI4FKwHHWCLQXpmVF1UTmJXzow0eXiZIWAHE24SYZkrAAqz6qldZdyL7YkMOSM+lvSmBYsOO0p2V/JzsGrnar73DqWM7kTyrgC5jWbBCalqkCwHBoTChkLHS3USFFeoG+f0Kdevnr2uXCNc5JDVVrITGUQQS2ET/kGo2xUo8K0g5FQ7QODDMgGBWV5vnt3CYarNxtGqxX31W790jyIH2BJd2NRR8QgHC7JVeZF5iRHkv5YtYDdMjrgu4e7vXhh+5LxZ9pqjxSSFEhIyqslj38zuL7p1FmnuvKd1/84Y51In8LoGGUWbA1mJJmtYG/bgYII195hgVfiSu9r6bcjghoALJVPWM/yV+i+xsO8Nu/nvOfNxqH+Hr04n8obYHx7VSguryj7RcIXVx1ETbesfx1301wcyPCXql+Sq59oGFWtM="",""b_mall"":false,""price_type"":2,""is_qc"":false,""page"":1,""rn"":""69c0ab8c-1fbe-43d5-8c4f-5df6f9482632"",""request_id"":""69c0ab8c-1fbe-43d5-8c4f-5df6f9482632""}",,,,"[{'avatar': 'https://avatar2.pddpic.com/a/Q0s1WXNJb21JOU1xbWtqZXFmL0l5NXZVZUEvTVRqZlZadz09djA0-1634429371?imageMogr2/thumbnail/100x'}, {'avatar': 'https://avatar2.pddpic.com/a/Q0Vac0RNcGxRcmNaenlwTTYvN2xzZk45Z2kyLzJaQnN3dz09djA0-1635036484?imageMogr2/thumbnail/100x'}]",新疆不可配送,"rgba(255, 255, 255, 1.000)","rgba(0, 0, 0, 0.502)"
goods_213995339082,213995339082,你可能会喜欢,3,0,https://img.pddpic.com/mms-material-img/2020-12-30/af6a5f89-a1ef-4b40-b9b7-222a574ebde4.jpeg.a.jpeg,262,,,1,"[{'text': '退货包运费', 'textColor': '#9C9C9C', 'bg_color': 'transparent'}, {'text': '极速退款', 'textColor': '#9C9C9C', 'bg_color': 'transparent'}, {'text': '满17返1', 'textColor': '#9C9C9C', 'bg_color': 'transparent'}]",3,[],新疆风味红杏干杏脯250g吊干杏杏肉树上酸杏零食罐装果脯蜜饯新货,980,2,4.8,已拼2.3万件,,[],goods.html?goods_id=213995339082,,False,,,,"{""gin_cat_id_1"":6398,""price_info"":""4.8"",""refresh_type"":0,""pas_cat_id"":6454,""gin_cat_id_3"":6454,""gin_cat_id_2"":6420,""list_id"":""TwDZn2wMWA"",""org"":1,""is_long_img"":0,""RStyle"":0,""env"":""shp1"",""special_text"":""新疆不可配送"",""is_sink"":false,""search_data"":""9qZRd9llRQpSW+NeHPaSslldzS6+tY0i/Cz1Xx4S2+nljY3swPks0ySTbQAbb5VHseJ+VRTsXt1nmyOG0RO/ESjs1j90h/56AVmmbzRD/ci4WpK+Wga2+nTpVrhvJIaNIQe0YtwtI+YL2tsfNORGI3p47Z2sITu4oEFyAdckgQKgF9RZvScJRqRfMy27Jk1XgrKPt7rLaN/3YH8PClUjGmeCCErLIO9ZeAw6h/o6wiOVSIcJgYxbSeo1fNymbNUdjktOX68qqHD9xL88GSa5oVwTPpZCpqry862iwT5AqPe5Z+M29T7EpMTdEMjaeKIN7IFbK8Rcg0+6sK/VEJXKTbL1i0gk0NLupbWEZDfxe2qufu20udaguQTMvq308/8EJEh27UgihuTt/CrJgdCb+/iOwuClK1WBMMutSajt6I5+NbaJHeDH+8nYfdRFKVDvOyKZzufQs01zzt4IF1kvvqVUSykCqGa3ImCniW2g6pgl+Zs1kwJ8MpCtrfvXXVOIxO58qOrAtPqUUlSnaP13FHwFQq3pQVigTCCM/isX8k3CILcwp3vAEEICeFuaHNnifcs77GvGuerQRAsgiyDNU+WhLNmMwzV99u0+AgRKyxtrs0rwQ4g3GQIfd8VGUabtMceFFJnANuMZ7GqBE5EEGuKerPKXqhU2z8sSTqW5kr5+hqYFLw8Ae05gox2QdLyUW0qba8QtJSuwV01Kknwz7yoVTV8As/2sIFA/vUnYVXETdj2R6+KZewvQp+u4qvNuKLgv0xDqg11WU0UKzFeErT2cuMk0aNPsJs+7LD7iii0="",""price"":980,""tag_list"":[""1&3"",""1&24"",""4&1""],""mall_id"":149442235,""cat_id"":6454,""b_mall"":false,""price_type"":2,""is_qc"":false,""page"":1,""rn"":""69c0ab8c-1fbe-43d5-8c4f-5df6f9482632"",""request_id"":""69c0ab8c-1fbe-43d5-8c4f-5df6f9482632""}",,,,"[{'avatar': 'https://avatar2.pddpic.com/a/Q0VPaCtmN0dmSEFwdlg3UFZJdGllVkFKYWJocnpmZ3gzUT09djA0-1636348274?imageMogr2/thumbnail/100x'}, {'avatar': 'https://avatar2.pddpic.com/a/Q0JMM20vcEY4bjJJT1drMkZJcG5Md2wrMlQ1YkhaM3l3dz09djA0-1636847352?imageMogr2/thumbnail/100x'}]",新疆不可配送,"rgba(255, 255, 255, 1.000)","rgba(0, 0, 0, 0.502)"
goods_3300254726,3300254726,你可能会喜欢,3,0,https://img.pddpic.com/mms-material-img/2021-04-23/c2e428cd-c9d1-43a6-bb58-a250bfb2edf1.jpeg.a.jpeg,262,,,1,"[{'text': '退货包运费', 'textColor': '#9C9C9C', 'bg_color': 'transparent'}, {'text': '极速退款', 'textColor': '#9C9C9C', 'bg_color': 'transparent'}, {'text': '第2件减3元', 'textColor': '#9C9C9C', 'bg_color': 'transparent'}]",3,[],甘草杏甘草杏肉混合口味杏干杏脯酸甜蜜饯阿梅肉新疆杏干开胃蜜杏,1480,2,4.8,已拼4.4万件,,[],goods.html?goods_id=3300254726,,False,,,,"{""gin_cat_id_1"":6398,""price_info"":""4.8"",""refresh_type"":0,""pas_cat_id"":6454,""gin_cat_id_3"":6454,""gin_cat_id_2"":6420,""list_id"":""TwDZn2wMWA"",""org"":1,""is_long_img"":0,""RStyle"":0,""env"":""shp1"",""special_text"":""新疆不可配送"",""is_sink"":false,""search_data"":""9qZRd9llRQpSW+NeHPaSslldzS6+tY0i/Cz1Xx4S2+kYIjrAie4yCWkHdlX8gSoRAFeJy1MZkfRSeHKaKdrKvbK5R38CI8NWlcHGiauAVygd7h+OdRVfpPPfjKK8oVlx1eOFe8K+f53+N+zZvxotDNXGcZr7zHg7DJXnVgdPlvTjodnvuK1Enc31dtARz2Gj0FBqyc0W1P/H3guVibfiQtJRzW9Z9k92KvNHnuHM3VAPvTSNPtO04pE7c1UbCnKSJvRkPZZ9R6c+P8QVl59wQvOYZLIiavRtzxR19SZiRZaMOzSTcOAV3MwLxVXczntZxYgcgne5zT0RYfcuneYpw+gfb/DyM9ixOhXmfGOcBDBm1dSjh/NFmXl8rdK4x8qDwwaTCnwTioNaOb+amGJOE6MVOPidwBJJkQ7wiS0VVjP7hccjKoi+eVUFxq6HxsMNHWLOsExs4ZmH51khOpPphrRmPLcIVULjb8pfWEAklpA0KcrXEE6yPlo+J2F3xIOja0a1kmsfXP50iMBaxIEYWKhLKzJnjK0Qigr6F2d2sTsknKzLF5Cmdm90SQ0LSOlyQoxOxLektfvbthPRbM/AyyuLNgfJR7XZWJJ2d9erkDNXOMwcZHcJyuWXDLXmDBOiJ30S68troh25Tv6nJiud575hcGSRSURM41qGsAM/YLbPRF+A7vjZi57uKTWYAH8VAp9hV2im9YW0vlXJQe4t+0xMojj7rXFCP4TmzVdZZ0bif1XP5siplHYgwTsBLYIikAjJrddnM4LxNHnWbIindg=="",""price"":1480,""tag_list"":[""1&3"",""1&24"",""4&6""],""mall_id"":3252001,""cat_id"":6454,""b_mall"":false,""price_type"":2,""is_qc"":false,""page"":1,""rn"":""69c0ab8c-1fbe-43d5-8c4f-5df6f9482632"",""request_id"":""69c0ab8c-1fbe-43d5-8c4f-5df6f9482632""}",,,,"[{'avatar': 'https://avatar2.pddpic.com/a/Q0ZqUm1Vc0NqZU5XNUNMMGUrZzdKM2U2NzY0T20zWjQ3QT09djA0-1635432958?imageMogr2/thumbnail/100x'}, {'avatar': 'https://avatar2.pddpic.com/a/Q0hUb0wwTjRWY1hsdXdqUU5RT2R6bkIxNGczLzdxNmNZQT09djA0-1586087038?imageMogr2/thumbnail/100x'}]",新疆不可配送,"rgba(255, 255, 255, 1.000)","rgba(0, 0, 0, 0.502)"
goods_220563593612,220563593612,你可能会喜欢,3,0,https://img.pddpic.com/mms-material-img/2021-08-12/0c3e30f5-cc3e-4d1c-b3e8-156b5dc84326.jpeg.a.jpeg,262,,,1,"[{'text': '24小时发货', 'textColor': '#9C9C9C', 'bg_color': 'transparent'}, {'text': '退货包运费', 'textColor': '#9C9C9C', 'bg_color': 'transparent'}, {'text': '满35返3', 'textColor': '#9C9C9C', 'bg_color': 'transparent'}]",3,[],(买二送一) 阳高杏干杏脯无核杏肉酸甜杏子果脯蜜饯儿童孕妇零食,1260,2,2.6,已拼5.9万件,,[],goods.html?goods_id=220563593612,,False,,,,"{""gin_cat_id_1"":6398,""price_info"":""2.6"",""refresh_type"":0,""pas_cat_id"":6454,""gin_cat_id_3"":6454,""gin_cat_id_2"":6420,""list_id"":""TwDZn2wMWA"",""org"":1,""is_long_img"":0,""RStyle"":0,""env"":""shp1"",""is_sink"":false,""search_data"":""qZJhUe2A1m0ugSUJ1R6ADtaxCckGpeXU+Ydu0sDQ8zEWFjbCVhWaTQ1shhndW4omYHhyzwX+p1HnuzHQ4yBShUbcwwexXgpCjghD9i/aRWA5q5niVIXK00AfkAyuxgN1GcvxhqBc4Nfbt+tUudhtUc/rL6c37gcXheTKojEo3feEZlf1KSXP7veNLRgDRSkJyUneLgyJvgO+ANxgc+bLscXqlOhh1rLcZ62XunKWV2m6KCPoA6uvkZxD94Fte7PgkcNJGhXpkjRevamJeWJsMRWcOt9rXfYXioI2C9mxUkOatlWkl8BkuI27Apcl062CZkaPb7s6WrldvVQ1wHIYUiS7kiIb598QY1vnQjnVXZfjDLlKE/kPaEb3L5HqEBvLIObkQ76iDn2Pe1q8ZTyl3Qv6FM32vychqiwrvHmiVM7HMM6gHSKZExqOBMf60o/FZefNpFVb06vEpdIS4haSjNg4rUUb/J7o+hwrz1XRkk8IdRrTmYV88pHcj4CiRrNHoEKwvonvHxpqNnTUlph+J+2IIznetuWIn7CrOntM9ejVMSXh0eY3sdETQVUI5zYc8nYqlvJWFLpl2WJuAcVcSvfCgBU+T/7rfmlYkWYTsjxl5f1ECQNppH+b3o6FpYra2LiHGSGFEjbWmhFiv0ulbpt6pWjAdbKxxyhUrVmUb/GajEkN3YwmhrIa8blGyclJvkEkGTEFW744+JxDPyTzqMUkqK6+/a5aO6sPHjADRJk="",""price"":1260,""tag_list"":[""1&43"",""1&3"",""4&1""],""mall_id"":693493162,""cat_id"":6454,""b_mall"":false,""price_type"":2,""is_qc"":false,""page"":1,""rn"":""69c0ab8c-1fbe-43d5-8c4f-5df6f9482632"",""request_id"":""69c0ab8c-1fbe-43d5-8c4f-5df6f9482632""}",,,,,,,
goods_996573568,996573568,你可能会喜欢,3,0,https://t00img.yangkeduo.com/goods/images/2019-02-14/d9202d55-d53b-4faf-a251-983e30caebd0.jpg,262,,,1,"[{'text': '坏了包赔', 'textColor': '#9C9C9C', 'bg_color': 'transparent'}, {'text': '极速退款', 'textColor': '#9C9C9C', 'bg_color': 'transparent'}, {'text': '满20减2', 'textColor': '#9C9C9C', 'bg_color': 'transparent'}]",3,[],【100万+人看过｜本店销量第一名】送枇杷叶 云南蒙自新鲜枇杷  润肺止咳  孕,1880,2,3,已拼10万+件,False,[],goods.html?goods_id=996573568&_oc_trace_mark=199&_oc_adinfo=eyJzY2VuZV9pZCI6MH0=&_oc_refer_ad=1&_oak_gallery=https%3A%2F%2Ft00img.yangkeduo.com%2Fgoods%2Fimages%2F2019-02-14%2Fd9202d55-d53b-4faf-a251-983e30caebd0.jpg,,False,,,"{""prvtinfo"":""EcnOCFuAoLMP5WQP9zaPHTZOtID9Z6CpxiD/LKVCldXkFO3MLS8nP19tEcHX4qkF"",""join_id"":""r69ADiAZS_2UCg-Zsbf_FwC1ecK834hc_I6KhWa0h4gmRyDSjuW4bC3mQP_jrQYN"",""ad_logo"":false,""pkinfo"":""WCSwIqOH_3c3eoTwqgUq99-4ixuSX3iMA5GCjcGY_ykw2x4sVY93g4zwKKJ10RWL-3ffsjeDcYEv3xwnE5cvhw"",""nbid"":""Vyt7B2iZP6LboBsSEeub92M5yEyIlNDXeTj4a_ePb4ekzfoGgE6DrWCGsoeUMLXN3RM4SwtK1PO8NzgK-n86Vmv0k2pjr3eOklQ6uzrKMH8VsJ6iOR93S7xLJd8n-BfVjIrrDE5QpINiNs5yvrxhBpehKgJS0c-8yaDmaT46AZy193zRihUHBCjFVo2qN5qMFM8soiguwzZMu0wyKswVQQ=="",""pubinfo"":""{\""item\"":\""kO_Pef4Qz6hRaonbmluEJDrAi4XjvN__4_8zIOYzzf0=\"",\""req\"":\""bnU-n1YDJFvwvVq6qxJ8CsdAg2t0Qekym_LehyvxGcbdSw7NEWjl-Y3UJ8eAMxaw\""}"",""openinfo"":""{\""ads_from\"":\""1\"",\""is_tr\"":\""0\""}"",""search_id"":""r69ADiAZS_2UCg-Zsbf_FwC1ecK834hc_I6KhWa0h4gmRyDSjuW4bC3mQP_jrQYN""}","{""gin_cat_id_1"":8172,""pas_cat_id"":6454,""gin_cat_id_3"":8268,""gin_cat_id_2"":8182,""list_id"":""TwDZn2wMWA"",""RStyle"":0,""special_text"":""新疆不可配送"",""is_sink"":false,""price"":1880,""tag_list"":[""1&9"",""1&24"",""4&0""],""group_one_ad"":1,""mall_id"":1475712,""cat_id"":6454,""ad_group"":1,""tag1_id"":26421223,""price_info"":""3"",""refresh_type"":0,""org"":1,""is_long_img"":0,""env"":""shp1"",""ad_create_time"":1546001170,""ad_head_mall"":0,""search_data"":""8YyeSJPEy5QNrA0CUAeTiDRHNoqTW0g0PKbPVU71p/cOznGB0uKBN8bWm5oLi3da3xiIPwGwlRgxc+3FioqeNQshj+wudYcGQHkTELsmo41tGdKN61gUzFHRBTJ5SwNTwiYA8/AlmHvkqzvHR0KPwvdKNxdmFSDmgfa+ovDK2bMJiRuENW+ZwKSKZr8KNGmqlgJxZflQkSEpVuASyFrs7ZUL9ZQ/F/SqdlBuPbwnGHELzuBq3DGGzcYrp4zfhNyEHXJMFepHXaI16/2hHPe9yFuSjCI77nmdf7Y/ce9hvPRpajMda18OK7l2iBcgeNfewiOIyn4SAcr2M6mOCi9R7pXmafVPrNMlrrH6EYvgIIlErxEfPj9UUbJJRZab/WSLrL0FbwRmLPCfkix3nzSkNf3vFACwnRqSsWUST3NvDtrLIifOuWAiSYOt7G8nJk6gLZYI4p+MucFTnreAb7CS5GtX07doab4i9jNT2YTi63goBy99xktLnko53ft560gGYIAqeQ7fgBIhfbXGau+HNxndFGJjik5n45bHaiW35gFUjDM++QMwdnC+mH9khcrzmuKsm+3W5nhgjWzk7u/WaxMZkaco7xrls9M3vRdjNbIHlLfSCTpA6DG1t8BnRoelQkS5EKx6e1lehmJdUQ0YPOA/DEmTpUVvHclKRO8HaxldgNtfaT0ggV2X7Fo6Ps2hmna+x7nEL8UMnlccyyzw8kAsW0oALLnsXXD+suekR5pN+OxRdkBon1FTHV0DJLwLzBZdLOnl1mnqDR/6z0SCTEyKZ9/U+VpBMc2FXEAJ6cQJmUNydyrOVZOP1laLBksXyPI47jkGs8F3POuRpJj51LIwR91z2nO2M2+Fntk8R6PDs5ahrX67qlRXvyA8s0QGyI4FKwHHWCLQXpmVF1UTmJXzow0eXiZIWAHE24SYZkrAAqz6qldZdyL7YkMOSM+l0ba13ZNMh22cwBZD7ZnK9r3DqWM7kTyrgC5jWbBCalqkCwHBoTChkLHS3USFFeoGkMuWM9US4E3rw01GSQg6qoTGUQQS2ET/kGo2xUo8K0g5FQ7QODDMgGBWV5vnt3CYv2StpGRcLt4lPCFc4fHP/O+2C/QRM6hkPp+DjE+ikzZAuCZuf3YS7FL9mqwkb+Rm7tx2iUm6Me/r/S3dStNJnfIfYo2sEaevZVjNiXzpGnj519cUDumOqZI9eeSVFk3BqdLl6k0Tk6H9EH0RSJ2LNcaobinkbTtm0iUgTESKyO4Tdj2R6+KZewvQp+u4qvNuTmLi7zai5fYxU1GXTN5aailpNjkJMcHogeRqdoAjKt75exEzjnhIs7W4IIP/9Kfs"",""b_mall"":false,""price_type"":2,""is_qc"":false,""page"":1,""rn"":""69c0ab8c-1fbe-43d5-8c4f-5df6f9482632"",""request_id"":""69c0ab8c-1fbe-43d5-8c4f-5df6f9482632""}",https://t00img.yangkeduo.com/goods/images/2019-02-14/d9202d55-d53b-4faf-a251-983e30caebd0.jpg,12781016525.0,,,新疆不可配送,"rgba(255, 255, 255, 1.000)","rgba(0, 0, 0, 0.502)"
goods_268855548014,268855548014,你可能会喜欢,3,0,https://img.pddpic.com/mms-material-img/2021-08-10/5f70e0e4-b39c-426e-9430-014bd1793e3b.jpeg,262,,,1,"[{'text': '旗舰店', 'textColor': '#E02E24', 'bg_color': 'transparent'}, {'text': '退货包运费', 'textColor': '#9C9C9C', 'bg_color': 'transparent'}]",2,[],新疆吊干杏甜酸杏干水果干无添加无核杏肉脯杏肉干小零食蜜饯孕妇,1790,2,2.1,已拼3067件,,[],goods.html?goods_id=268855548014,,False,,,,"{""gin_cat_id_1"":6398,""price_info"":""2.1"",""refresh_type"":0,""pas_cat_id"":6454,""gin_cat_id_3"":6454,""gin_cat_id_2"":6420,""list_id"":""TwDZn2wMWA"",""org"":1,""is_long_img"":0,""RStyle"":0,""env"":""shp1"",""is_sink"":false,""search_data"":""Mr19ykDh2Nrit51bdpX82xYuJQK0G4P6kKMLxf+AQ8sWFjbCVhWaTQ1shhndW4omYHhyzwX+p1HnuzHQ4yBShUbcwwexXgpCjghD9i/aRWA5q5niVIXK00AfkAyuxgN1GcvxhqBc4Nfbt+tUudhtUc/rL6c37gcXheTKojEo3feEZlf1KSXP7veNLRgDRSkJyUneLgyJvgO+ANxgc+bLscXqlOhh1rLcZ62XunKWV2m6KCPoA6uvkZxD94Fte7PgkcNJGhXpkjRevamJeWJsMRWcOt9rXfYXioI2C9mxUkOatlWkl8BkuI27Apcl062CZkaPb7s6WrldvVQ1wHIYUiS7kiIb598QY1vnQjnVXZfjDLlKE/kPaEb3L5HqEBvLIObkQ76iDn2Pe1q8ZTyl3Qv6FM32vychqiwrvHmiVM7HMM6gHSKZExqOBMf60o/FZefNpFVb06vEpdIS4haSjNg4rUUb/J7o+hwrz1XRkk8IdRrTmYV88pHcj4CiRrNHoEKwvonvHxpqNnTUlph+J+2IIznetuWIn7CrOntM9eiL0a9VAINktYYAUwN/wmr88nYqlvJWFLpl2WJuAcVcSp6KyiCvnl2uktEtAD/bYBL4jc8rtlQ4Ih8Cyjs1uDXFc5u6ACyUblGp+vsaBN61MA3p0GVqwTkpruysg3bfFLuAFiUWu3khRygWCqmiEFIeKTRMbfJmxqqzLFVuCbDWpoYI9q5rhGUiJA+rbv7YV+c="",""price"":1790,""tag_list"":[""2&10022"",""1&3""],""mall_id"":614258773,""cat_id"":6454,""b_mall"":true,""price_type"":2,""is_qc"":false,""page"":1,""rn"":""69c0ab8c-1fbe-43d5-8c4f-5df6f9482632"",""request_id"":""69c0ab8c-1fbe-43d5-8c4f-5df6f9482632""}",,,,,,,
goods_268859801795,268859801795,你可能会喜欢,3,0,https://t16img.yangkeduo.com/garner-api/174271367f6e2b80815a41a2da67a268.jpeg,262,,,1,"[{'text': '旗舰店', 'textColor': '#E02E24', 'bg_color': 'transparent'}, {'text': '立减2元', 'textColor': '#E02E24', 'bg_color': 'transparent'}, {'text': '退货包运费', 'textColor': '#9C9C9C', 'bg_color': 'transparent'}]",3,[],新疆特产无核黑杏干杏肉脯原味无添加杏肉干果蜜饯果脯孕妇小零食,890,2,1.9,已拼3858件,,[],goods.html?goods_id=268859801795,,False,,,,"{""gin_cat_id_1"":6398,""price_info"":""1.9"",""refresh_type"":0,""pas_cat_id"":6454,""gin_cat_id_3"":6454,""gin_cat_id_2"":6420,""list_id"":""TwDZn2wMWA"",""org"":1,""is_long_img"":0,""RStyle"":0,""env"":""shp1"",""is_sink"":false,""search_data"":""Mr19ykDh2Nrit51bdpX82xYuJQK0G4P6kKMLxf+AQ8sWFjbCVhWaTQ1shhndW4omYHhyzwX+p1HnuzHQ4yBShUbcwwexXgpCjghD9i/aRWA5q5niVIXK00AfkAyuxgN1GcvxhqBc4Nfbt+tUudhtUc/rL6c37gcXheTKojEo3feEZlf1KSXP7veNLRgDRSkJyUneLgyJvgO+ANxgc+bLscXqlOhh1rLcZ62XunKWV2m6KCPoA6uvkZxD94Fte7PgkcNJGhXpkjRevamJeWJsMRWcOt9rXfYXioI2C9mxUkOatlWkl8BkuI27Apcl062CZkaPb7s6WrldvVQ1wHIYUiS7kiIb598QY1vnQjnVXZfjDLlKE/kPaEb3L5HqEBvLIObkQ76iDn2Pe1q8ZTyl3Qv6FM32vychqiwrvHmiVM7HMM6gHSKZExqOBMf60o/FZefNpFVb06vEpdIS4haSjNg4rUUb/J7o+hwrz1XRkk8IdRrTmYV88pHcj4CiRrNHoEKwvonvHxpqNnTUlph+J+2IIznetuWIn7CrOntM9eiaO52d20dmAVFgqhmHmymJ8nYqlvJWFLpl2WJuAcVcSjdHmDvGRoRe5Btie+2XcKv4jc8rtlQ4Ih8Cyjs1uDXFc5u6ACyUblGp+vsaBN61MA3p0GVqwTkpruysg3bfFLuAFiUWu3khRygWCqmiEFIeKTRMbfJmxqqzLFVuCbDWpoYI9q5rhGUiJA+rbv7YV+c="",""price"":890,""tag_list"":[""2&10022"",""4&7"",""1&3""],""mall_id"":614258773,""cat_id"":6454,""b_mall"":true,""price_type"":2,""is_qc"":false,""page"":1,""rn"":""69c0ab8c-1fbe-43d5-8c4f-5df6f9482632"",""request_id"":""69c0ab8c-1fbe-43d5-8c4f-5df6f9482632""}",,,,,,,
goods_229793263294,229793263294,你可能会喜欢,3,0,https://img.pddpic.com/mms-material-img/2021-08-17/aae56239-3954-4c53-8a49-ca811598417f.jpeg.a.jpeg,262,,,1,"[{'text': '立减2元', 'textColor': '#E02E24', 'bg_color': 'transparent'}, {'text': '退货包运费', 'textColor': '#9C9C9C', 'bg_color': 'transparent'}, {'text': '极速退款', 'textColor': '#9C9C9C', 'bg_color': 'transparent'}, {'text': '满75返4', 'textColor': '#9C9C9C', 'bg_color': 'transparent'}]",4,[],树上风干杏新疆杏子抱抱果杏脯夹核桃仁杏包仁吊干杏肉夹核桃仁,3550,2,17.7,已拼3517件,,[],goods.html?goods_id=229793263294,,False,,,,"{""gin_cat_id_1"":6398,""price_info"":""17.7"",""refresh_type"":0,""pas_cat_id"":6454,""gin_cat_id_3"":6454,""gin_cat_id_2"":6420,""list_id"":""TwDZn2wMWA"",""org"":1,""is_long_img"":0,""RStyle"":0,""env"":""shp1"",""is_sink"":false,""search_data"":""+WtJmsYE1jgoSZxWDPPUKpZX4Z+s410FWZakGnMz/TQWFjbCVhWaTQ1shhndW4omYHhyzwX+p1HnuzHQ4yBShUbcwwexXgpCjghD9i/aRWA5q5niVIXK00AfkAyuxgN1GcvxhqBc4Nfbt+tUudhtUc/rL6c37gcXheTKojEo3feEZlf1KSXP7veNLRgDRSkJyUneLgyJvgO+ANxgc+bLscXqlOhh1rLcZ62XunKWV2m6KCPoA6uvkZxD94Fte7PgkcNJGhXpkjRevamJeWJsMRWcOt9rXfYXioI2C9mxUkOatlWkl8BkuI27Apcl062CZkaPb7s6WrldvVQ1wHIYUiS7kiIb598QY1vnQjnVXZfjDLlKE/kPaEb3L5HqEBvLIObkQ76iDn2Pe1q8ZTyl3Qv6FM32vychqiwrvHmiVM7HMM6gHSKZExqOBMf60o/FZefNpFVb06vEpdIS4haSjNg4rUUb/J7o+hwrz1XRkk8IdRrTmYV88pHcj4CiRrNHoEKwvonvHxpqNnTUlph+J+2IIznetuWIn7CrOntM9ejDCIH4ImGLcLHMMIzF9QWlrHT35v6GFq5KDqrUw3mG3jQOBPChtim/iKuXT3J71wT0pkL7XkgtgPtRYYbkj4pvnAppvuaipmz6XPf79BOXzPw+pxujeFGZeAZSJlgu5QNAwI+lvrOB9GebeH0yWCJzJZumBHCrHvcl9zGPVnLihtWkbJ4BrlkwP/ceXrzYtV0="",""price"":3550,""tag_list"":[""4&5"",""1&3"",""1&24"",""4&1""],""mall_id"":605582271,""cat_id"":6454,""b_mall"":false,""price_type"":2,""is_qc"":false,""page"":1,""rn"":""69c0ab8c-1fbe-43d5-8c4f-5df6f9482632"",""request_id"":""69c0ab8c-1fbe-43d5-8c4f-5df6f9482632""}",,,,"[{'avatar': 'https://avatar2.pddpic.com/a/Q0NmQ1dXZ3pFa2RxUk4wYTdHKy9TUy9JdldZbFgzelEwUT09djA0-1623030326?imageMogr2/thumbnail/100x'}, {'avatar': 'https://avatar2.pddpic.com/a/Q0lEMUhqMVJqZkJXZ1Q5ZFFJUHovc3A2Yk9paWlDMVhxdz09djA0-1633913435?imageMogr2/thumbnail/100x'}]",,,
goods_298389384224,298389384224,你可能会喜欢,3,0,https://commimg.pddpic.com/ad-promotion/2021-11-09/e85d01dd-651e-49d9-88cb-999184731cbe.jpeg,262,,,1,"[{'text': '立减3元', 'textColor': '#E02E24', 'bg_color': 'transparent'}, {'text': '坏了包赔', 'textColor': '#9C9C9C', 'bg_color': 'transparent'}]",2,[],【本店第1名持续畅销｜100万+人看过】超低价广西黑皮甘蔗新鲜水果当季特产脆甜杆批发非白玉青皮甘蔗,800,2,2,已拼5.3万件,False,[],goods.html?goods_id=298389384224&_oc_trace_mark=199&_oc_adinfo=eyJzY2VuZV9pZCI6MH0=&_oc_refer_ad=1&_oak_gallery=https%3A%2F%2Fcommimg.pddpic.com%2Fad-promotion%2F2021-11-09%2Fe85d01dd-651e-49d9-88cb-999184731cbe.jpeg,,False,,,"{""prvtinfo"":""EcnOCFuAoLMP5WQP9zaPHTZOtID9Z6CpxiD/LKVCldXkFO3MLS8nP19tEcHX4qkF"",""join_id"":""r69ADiAZS_2UCg-Zsbf_FwC1ecK834hc_I6KhWa0h4gmRyDSjuW4bC3mQP_jrQYN"",""ad_logo"":false,""pkinfo"":""djfPTLRr2liwh2TSxbeu0P7T4hjcS1cbCwRfIwMXYr-2QS5UmWL8rySDvAdyhPjbo58GBRlYx2OjHUL9S0N6Jg"",""nbid"":""iuv4Rpg6t_SOXDdJplIXVtsNa8674umrxUvkcsvMblcOGTUBlnwlP2UhtLichtD-XKeM2UiOEYp1lvl3Tst7GMDfmc_28ufk2LClxnpjr4wHVnEJc93tyF_HPxTxVVImTZNAon120Yej2GvH1KolqnlMn9bPaYyXPZH_JncuAf-7vLv3iF6VO6ojU4ZP2zx0FSQLtebre9EWFb0uyiUPTQ=="",""pubinfo"":""{\""item\"":\""YKLkysChOlQFpWe5289Bct1YOn0w4I7OztTpYZuneAU=\"",\""req\"":\""bnU-n1YDJFvwvVq6qxJ8CsdAg2t0Qekym_LehyvxGcbdSw7NEWjl-Y3UJ8eAMxaw\""}"",""openinfo"":""{\""ads_from\"":\""1\"",\""is_tr\"":\""0\""}"",""search_id"":""r69ADiAZS_2UCg-Zsbf_FwC1ecK834hc_I6KhWa0h4gmRyDSjuW4bC3mQP_jrQYN""}","{""gin_cat_id_1"":8172,""pas_cat_id"":6454,""gin_cat_id_3"":8271,""gin_cat_id_2"":8182,""list_id"":""TwDZn2wMWA"",""RStyle"":0,""special_text"":""新疆不可配送"",""is_sink"":false,""price"":800,""tag_list"":[""4&5"",""1&9""],""group_one_ad"":1,""mall_id"":641581862,""cat_id"":6454,""ad_group"":1,""tag1_id"":1649648236,""price_info"":""2"",""refresh_type"":0,""org"":1,""is_long_img"":0,""env"":""shp1"",""ad_create_time"":1636429106,""ad_head_mall"":0,""search_data"":""8YyeSJPEy5QNrA0CUAeTiDRHNoqTW0g0PKbPVU71p/d7m4iG4rHvh5NsU5uhmv7e8ro8CYrQW2evLL8Y0EUNmthVS4lRfqYSKAigZcBE6VBFlwdE2EAi7x20jGRHeCB76AIK+Z/HLJtF8JqxHsRBtg+RGLzuZEC2pPkj7wseLsHCVUYY9OYeKKrUxvpUxHuSUDrNO95T32X2pR/4MlO2T98p26AS04XhGdZOBfLSK9bZXTvv0o1Onu5D42hosPz7v7TuZ+0bk7+WrGWyrzDJFguh+yejvRuTa675RQbb/ArPt298Ho2JlypHfEebNJ4cyr+PIHU2XPaemi9E4D5mRGXmdnAD+X6dIR0mKN6Ez+SLH1VPobEpweJovdkMWttNNApcDC10Z4qtTK/aUJ/Kf2Z/XMNVifrOlOOyYYq/Bq5TGXj6CSxVzIMV+Lng8kb/NcOppTB7a3cT3ajYzfqLyqvTP1FE/P+zkYOxYWmoZqd4rYKidjNBH/OQyeezxRwNbMSzSju06HlVxrhKIymloyl8mJiiD98OCyfKVq6F+ZAe/e6/XBWOZTYLhrBZ2A2uzBHWX8o9KGf2UW/KOBZhtSpwgELlxFn+H21vJGny1itENSyiBa/QGwydMV8be7BVZvu6jPj4w1ZQhji0XCiIWfkbFC2US1b+hwkJl0/xeeKrlBxMhHLIyYBZLcY7eGXTZHpBu8xwOeEPoOUywtK64x+7PYvB532/yBcsU8w+VxrpGEoJaPzm1JE73Q9xUROmtgN2WgsuOY7pDx9cGksSIdfJFz8bOuvvZ383rTridTf9NfkYE6jkZDYnXf+5bHMgvHdc0opP48hoO72wUO2oyOHwsVb5nEYYtRunv+VPPajDyd33ce7Ayyuv4h/hVMTNmU05RLURYPpHX8s9Q4U7C9gdl9ehoElVW0UCcMDZvMb0pkL7XkgtgPtRYYbkj4pvGI+sojFoQJhle3DaAcoOAZ2DVMNOFDLMwk3v/bDbLSDpaP1LAK48jDflan9dBwXuoudMlpRTWik/s2vsMmbD6pPeim8ByhfLGY2Hl4lA40ESCGJ6hfR8mmFi5sBilLBBTa//DtnbyIk2yT7xtanfqUWcNkkY5nBQ04Ja2JZzkzrvakfN0THudSdXuQQqr/gBaQNH18EbrhDZ6acsuEriLQxijhwxGled4c/HT0Qw9u6vXBzP+lMA+EBDqZ+1Apg52kOJRED2gAcs37QIubk4ibH56ZW/NS31nC2YTA4C5gkRwNbG92/RgOHwzCFtozeTYDEKyyEQEiP0/xpWnrEEdhRnPVY4eXQk2liJVQHvEJW2fizxPi//iZadxbuiCwzm"",""b_mall"":false,""price_type"":2,""is_qc"":false,""page"":1,""rn"":""69c0ab8c-1fbe-43d5-8c4f-5df6f9482632"",""request_id"":""69c0ab8c-1fbe-43d5-8c4f-5df6f9482632""}",,,,"[{'avatar': 'https://avatar2.pddpic.com/a/Q0l3YUdMUksveXJqVGV5UjFtYi84T0MwZVluQ3dqZTNRZz09djA0-1636337015?imageMogr2/thumbnail/100x'}, {'avatar': 'https://avatar2.pddpic.com/a/Q0czZ2xMaXhZVTlLdVBWOTVwRlR5dmp3aldoWGpwZzNndz09djA0-1609827147?imageMogr2/thumbnail/100x'}]",新疆不可配送,"rgba(255, 255, 255, 1.000)","rgba(0, 0, 0, 0.502)"
goods_153818215040,153818215040,你可能会喜欢,3,0,https://t00img.yangkeduo.com/goods/images/2020-07-17/faee7222-4cff-4fec-b9e3-f4fe38047ea7.jpg,262,,,1,"[{'text': '24小时发货', 'textColor': '#9C9C9C', 'bg_color': 'transparent'}, {'text': '退货包运费', 'textColor': '#9C9C9C', 'bg_color': 'transparent'}, {'text': '满38返2', 'textColor': '#9C9C9C', 'bg_color': 'transparent'}]",3,[],新货2斤1000克杏干条杏条杏干杏肉脯蜜饯无糖天然无添加干果干特,3280,2,17,已拼5525件,,[],goods.html?goods_id=153818215040,,False,,,,"{""gin_cat_id_1"":6398,""price_info"":""17"",""refresh_type"":0,""pas_cat_id"":6454,""gin_cat_id_3"":6454,""gin_cat_id_2"":6420,""list_id"":""TwDZn2wMWA"",""org"":1,""is_long_img"":0,""RStyle"":0,""env"":""shp1"",""is_sink"":false,""search_data"":""23RVUtO0h7Ep2lUCouDxiMNcZFbdxeeCY5gGADfNGIAWFjbCVhWaTQ1shhndW4omYHhyzwX+p1HnuzHQ4yBShUbcwwexXgpCjghD9i/aRWA5q5niVIXK00AfkAyuxgN1GcvxhqBc4Nfbt+tUudhtUc/rL6c37gcXheTKojEo3feEZlf1KSXP7veNLRgDRSkJyUneLgyJvgO+ANxgc+bLscXqlOhh1rLcZ62XunKWV2m6KCPoA6uvkZxD94Fte7PgkcNJGhXpkjRevamJeWJsMRWcOt9rXfYXioI2C9mxUkOatlWkl8BkuI27Apcl062CZkaPb7s6WrldvVQ1wHIYUiS7kiIb598QY1vnQjnVXZfjDLlKE/kPaEb3L5HqEBvLIObkQ76iDn2Pe1q8ZTyl3Qv6FM32vychqiwrvHmiVM7HMM6gHSKZExqOBMf60o/FZefNpFVb06vEpdIS4haSjNg4rUUb/J7o+hwrz1XRkk8IdRrTmYV88pHcj4CiRrNHoEKwvonvHxpqNnTUlph+J+2IIznetuWIn7CrOntM9ejtugjtr7w25gO3p4XZve1RmU05RLURYPpHX8s9Q4U7C1CAOoCpa0/5LeKs5ds19pvwDkCdHvK/3fIcF20lMFXevcOpYzuRPKuALmNZsEJqWgOF94nSwPseqP516o/jmU8ZRBpMqI//PJImwqNbEKhRKTRMbfJmxqqzLFVuCbDWpoYI9q5rhGUiJA+rbv7YV+c="",""price"":3280,""tag_list"":[""1&12"",""1&3"",""4&1""],""mall_id"":240039896,""cat_id"":6454,""b_mall"":false,""price_type"":2,""is_qc"":false,""page"":1,""rn"":""69c0ab8c-1fbe-43d5-8c4f-5df6f9482632"",""request_id"":""69c0ab8c-1fbe-43d5-8c4f-5df6f9482632""}",,,,,,,
goods_82637408447,82637408447,你可能会喜欢,3,0,https://t00img.yangkeduo.com/goods/images/2020-01-01/5b321e18-cb03-4521-8cc6-c997ebbbc7ec.jpg,262,,,1,"[{'text': '满60返3', 'textColor': '#9C9C9C', 'bg_color': 'transparent'}]",1,[],自家新疆特产四团吊干杏树上吊死干杏干零食500g包邮农家杏子原味,3790,2,22.1,已拼1.2万件,,[],goods.html?goods_id=82637408447,,False,,,,"{""gin_cat_id_1"":6398,""price_info"":""22.1"",""refresh_type"":0,""pas_cat_id"":6454,""gin_cat_id_3"":6454,""gin_cat_id_2"":6420,""list_id"":""TwDZn2wMWA"",""org"":1,""is_long_img"":0,""RStyle"":0,""env"":""shp1"",""is_sink"":false,""search_data"":""FoGWTdJHp9WUYoI+0QPI4AggoFiO5APuXo4KWGnAmzoWFjbCVhWaTQ1shhndW4omYHhyzwX+p1HnuzHQ4yBShUbcwwexXgpCjghD9i/aRWA5q5niVIXK00AfkAyuxgN1GcvxhqBc4Nfbt+tUudhtUc/rL6c37gcXheTKojEo3feEZlf1KSXP7veNLRgDRSkJyUneLgyJvgO+ANxgc+bLscXqlOhh1rLcZ62XunKWV2m6KCPoA6uvkZxD94Fte7PgkcNJGhXpkjRevamJeWJsMRWcOt9rXfYXioI2C9mxUkOatlWkl8BkuI27Apcl062CZkaPb7s6WrldvVQ1wHIYUiS7kiIb598QY1vnQjnVXZfjDLlKE/kPaEb3L5HqEBvLIObkQ76iDn2Pe1q8ZTyl3Qv6FM32vychqiwrvHmiVM7HMM6gHSKZExqOBMf60o/FZefNpFVb06vEpdIS4haSjNg4rUUb/J7o+hwrz1XRkk8IdRrTmYV88pHcj4CiRrNHoEKwvonvHxpqNnTUlph+J+2IIznetuWIn7CrOntM9egU7Q+auwexNcNpAM/bLWwFrHT35v6GFq5KDqrUw3mG3mub2VgPbbPgJqKB9eWTq+2hG1mNh6Jm4rQyq9f4MBKMGDXg8IcCSno/2DqwlOSkvWDu2tygdnmarYAL1qhFfy8Q9EawyD/QSEKMM6/b19kt3MDe8/EbRqi2NgUeoT99AGN+VqTaR889xZswT1ax4U4="",""price"":3790,""tag_list"":[""4&1""],""mall_id"":258390769,""cat_id"":6454,""b_mall"":false,""price_type"":2,""is_qc"":false,""page"":1,""rn"":""69c0ab8c-1fbe-43d5-8c4f-5df6f9482632"",""request_id"":""69c0ab8c-1fbe-43d5-8c4f-5df6f9482632""}",,,,,,,
goods_154256982,154256982,你可能会喜欢,3,0,https://t00img.yangkeduo.com/goods/images/2018-09-06/47bbd1197ca637cf10fda353006e19cc.jpeg,262,,,1,"[{'text': '立减2元', 'textColor': '#E02E24', 'bg_color': 'transparent'}, {'text': '退货包运费', 'textColor': '#9C9C9C', 'bg_color': 'transparent'}, {'text': '极速退款', 'textColor': '#9C9C9C', 'bg_color': 'transparent'}]",3,[],国丰杏肉脯 农家老式无核杏干杏脯杏肉甘草杏肉条脯孕妇零食品,1380,2,1.8,已拼1万件,,[],goods.html?goods_id=154256982,,False,,,,"{""gin_cat_id_1"":6398,""price_info"":""1.8"",""refresh_type"":0,""pas_cat_id"":6454,""gin_cat_id_3"":6454,""gin_cat_id_2"":6420,""list_id"":""TwDZn2wMWA"",""org"":1,""is_long_img"":0,""RStyle"":0,""env"":""shp1"",""special_text"":""新疆不可配送"",""is_sink"":false,""search_data"":""9qZRd9llRQpSW+NeHPaSslldzS6+tY0i/Cz1Xx4S2+kYIjrAie4yCWkHdlX8gSoRJiwV5qA4jyeH7N/0VeLv4mXp6s1TluAJfuY8YxReDd4N5ZcZFJ2L18sAsFE33ClMRd+9rw+6ZlI2C3w89xyS5L3O8uFTb+aKuNh7GC4yQ1ghHK7TLSmsGZ9GD6TSF8H5uzheO2W8amVelohWKsfuEEZ7HbjBWOTz93FAqNa6qGLdf96qsg/S9pz/O4HP9sTAsAVCRwnZciGo3hprHh4xmK7X/e6iOkpgELpKBug/6W6TsVk7P3PtJjHe/T2z0/N72wJEz7jBhoK00m/TAxDMTHwIGh6/58iwZ5j0HTWCZPqF3LkCIaxyR51Dpzh0lezof4wEQkHmzvM/WhP2HDcOJwkx5j9Yik4mAEUPGI4gZIsKqqmNggDTX06BSYU/AXd9L/xHOUdwYzQFGESVFHH0ryl077VxvDpb9zqiq0WMqB/cF15YaqhlIg2OEyds8XSun1xXxnx96L0HrZws8Jr1a2FKMqiRKhgm6Ws32Y/9I3BK1vOpmB2FgGaI42SF+mDHSvxcMJWlnf54k7kX2D6GtMTesi0/dJESd6tyDAPHQx2sdPfm/oYWrkoOqtTDeYbevM+ADPPhgBt+wCOTRuK8LPSmQvteSC2A+1FhhuSPim+cCmm+5qKmbPpc9/v0E5fM/D6nG6N4UZl4BlImWC7lA0DAj6W+s4H0Z5t4fTJYInMlm6YEcKse9yX3MY9WcuKG1aRsngGuWTA/9x5evNi1XQ=="",""price"":1380,""tag_list"":[""4&5"",""1&3"",""1&24""],""mall_id"":367633,""cat_id"":6454,""b_mall"":false,""price_type"":2,""is_qc"":false,""page"":1,""rn"":""69c0ab8c-1fbe-43d5-8c4f-5df6f9482632"",""request_id"":""69c0ab8c-1fbe-43d5-8c4f-5df6f9482632""}",,,,,新疆不可配送,"rgba(255, 255, 255, 1.000)","rgba(0, 0, 0, 0.502)"
